<?xml version='1.0' encoding='utf-8'?>
<!DOCTYPE hibernate-configuration PUBLIC
"-//Hibernate/Hibernate Configuration DTD 3.0//EN"
"http://www.hibernate.org/dtd/hibernate-configuration-3.0.dtd">
<hibernate-configuration>       
  <session-factory>
    <!-- Database connection settings -->
    <property name="connection.driver_class">com.mysql.jdbc.Driver</property>
    <property name="connection.url">jdbc:mysql://localhost:3306/db3</property>
    <property name="connection.username">root</property>
    <property name="connection.password">Shaheda@2801</property>
    <mapping resource="com/collections/hibernate/EProduct.hbm.xml"/>
    <mapping resource="com/collections/hibernate/Color.hbm.xml"/>
    <mapping resource="com/collections/hibernate/ScreenSizes.hbm.xml"/>
    <mapping resource="com/collections/hibernate/Os.hbm.xml"/>
    <mapping resource="com/collections/hibernate/Finance.hbm.xml"/>
  </session-factory>
</hibernate-configuration>
